duration_days,team_size,budget_k_usd,past_delay_frequency,requirement_changes,risk_level
112,4,61,0.7279471767307432,11,Medium
102,13,136,0.10794371464646435,25,Medium
24,1,573,0.6852980161158734,18,Medium
116,4,958,0.0918708877100447,44,Medium
81,14,586,0.9651297421269965,6,Medium
30,7,350,0.4883941300649396,46,Medium
112,11,292,0.15067610770987738,6,Low
131,4,171,0.3423836360335465,25,Medium
84,13,196,0.41341644929526145,39,Medium
97,6,616,0.7581850110765374,4,Medium
126,9,799,0.7434237860766093,20,Medium
109,1,405,0.611940505337331,13,Medium
113,13,734,0.10593071255849296,3,Low
161,5,953,0.15156937158767358,22,Medium
140,11,782,0.09375692064555663,41,Medium
159,7,680,0.5771727832875501,19,Medium
62,1,358,0.877138441511404,14,Medium
11,14,744,0.4338005122547718,49,Low
97,4,337,0.1608481739577462,44,Medium
167,6,356,0.558042325148967,28,Medium
47,2,861,0.8117522168657099,7,Medium
139,10,643,0.74171206151293,40,Medium
30,5,963,0.8814507796750214,47,Medium
170,11,772,0.27790209724886783,18,Medium
67,10,711,0.19395386726777486,47,Low
31,1,598,0.8798164859419387,38,High
98,6,401,0.6575603127780231,45,Medium
58,6,361,0.31092893000755417,27,Medium
68,13,922,0.7423480505725092,45,Low
179,4,108,0.8151183844803679,26,High
24,13,692,0.6149782403411324,3,Low
60,8,973,0.6878841098799151,14,Low
117,4,763,0.3752599044426663,34,Medium
64,8,804,0.5386956673430391,36,Low
73,13,84,0.5241591707261622,0,Medium
140,8,494,0.8480477911307719,2,Medium
60,5,142,0.8399639802821826,46,High
144,13,999,0.8326804693470432,23,Medium
30,4,256,0.011031614262465794,26,Medium
82,12,402,0.7495454844688882,39,Medium
176,13,952,0.7586763901110049,35,Medium
27,2,381,0.6783788228551418,33,Medium
141,11,866,0.7562646578914526,28,Medium
98,3,911,0.8419703714967087,23,Medium
69,3,774,0.47031905410178565,23,Medium
23,4,208,0.5020502134884471,41,Medium
18,4,73,0.12471405691139048,3,Low
99,10,453,0.3853758830473618,2,Low
62,11,854,0.6433651799117843,33,Low
139,11,565,0.7803997761472745,48,High
93,5,781,0.21720909769121055,22,Medium
101,4,413,0.1378228991592354,22,Medium
120,11,431,0.6630420045004922,44,Medium
17,14,581,0.0018798835249106416,4,Low
44,10,201,0.17837258430732983,30,Low
90,8,611,0.029071380343953734,40,Low
173,6,738,0.16688511785487092,5,Medium
59,6,996,0.18131927992550523,36,Low
113,8,657,0.3876735947503942,9,Medium
141,7,666,0.40232712468655596,39,Medium
11,10,469,0.8742624706102378,6,Medium
143,14,299,0.5101097124988252,38,Medium
63,11,166,0.7234047656122863,37,Medium
115,12,915,0.10413735792028744,20,Low
13,10,561,0.22543875546369385,19,Low
63,13,789,0.7029434409786768,2,Low
155,8,627,0.05280396046852809,21,Medium
53,14,384,0.4865976622437531,46,Low
171,2,467,0.5993689656629339,3,High
23,9,981,0.602145644052481,27,Low
104,1,823,0.02293281126804203,11,Low
57,8,344,0.3221080042291855,37,Medium
24,12,987,0.636490651049154,35,Low
49,11,804,0.14899973614924344,46,Low
91,12,420,0.6954156483280532,40,Medium
120,12,235,0.7459252088136745,4,Medium
62,4,295,0.9819691904461453,12,Medium
33,4,686,0.20984199485640942,22,Low
163,5,317,0.8251306676661152,49,High
133,8,692,0.520296576918654,29,Medium
50,5,286,0.37346259614417343,36,Medium
166,8,579,0.12237675732517794,24,Medium
24,10,601,0.7355056064875376,47,Medium
54,1,70,0.2358575991436871,26,Medium
74,12,960,0.37142200187304575,13,Low
98,10,786,0.06254222689736844,47,Medium
80,9,916,0.801366915819519,46,Medium
18,6,843,0.7665885239716433,35,Medium
97,3,569,0.7336158300423125,38,Medium
138,13,149,0.29944351049188667,15,Medium
145,14,801,0.17348007426595724,21,Low
72,8,527,0.6375532644702298,20,Medium
148,9,648,0.49616638411321945,20,Medium
90,6,347,0.17825246690464158,7,Medium
145,11,989,0.6859112710498637,48,Medium
172,7,575,0.9911264318213037,15,High
172,1,383,0.7472195877420377,30,High
42,14,51,0.7399863866856118,41,Medium
132,5,424,0.9503127529305917,9,Medium
14,5,342,0.2029363675749022,31,Low
50,10,886,0.5655499649214404,33,Low
37,14,983,0.9796467150338835,8,Low
144,4,602,0.16529411097017455,16,Medium
81,6,367,0.700251959444521,10,Medium
21,7,551,0.585810145971902,31,Low
171,9,877,0.586479092188707,9,Medium
42,1,430,0.6976706275200751,21,Medium
57,6,672,0.9296169228756842,16,Medium
160,7,63,0.782581939851338,3,Medium
71,3,553,0.056136103416210004,47,Medium
46,8,280,0.8527280198757112,46,Medium
108,5,133,0.22554132992573261,24,Medium
113,9,179,0.37691416473637196,20,Medium
44,5,792,0.46173281361238216,36,Medium
110,9,887,0.48090600075306966,37,Medium
140,10,194,0.4351803992553568,48,Medium
10,4,940,0.9373532942158644,0,Medium
14,9,906,0.7060190076640246,24,Low
151,5,77,0.6311706459567064,35,High
112,10,115,0.049842027782941556,16,Medium
36,9,212,0.9039133302603747,40,Medium
146,3,278,0.9093901920083962,23,High
24,4,310,0.7802130634301023,1,Medium
99,9,498,0.007029203813619156,39,Medium
51,10,473,0.057280251077623356,14,Low
133,11,509,0.22522370226848976,31,Medium
72,6,725,0.1313494081449067,38,Low
105,2,350,0.39883602970372944,5,Medium
61,7,968,0.9226230580877897,0,Low
105,2,352,0.4720604341969983,46,High
141,11,336,0.01340262643216561,22,Medium
160,2,444,0.282745689578762,38,Medium
152,11,59,0.04459490837296154,16,Medium
38,1,756,0.03628762261350216,33,Medium
45,11,679,0.27571985309555225,40,Low
22,11,319,0.2756123386789454,28,Low
169,12,641,0.787126602601604,8,Medium
80,11,654,0.9748346527811119,12,Medium
95,3,827,0.3712070938899983,5,Medium
37,6,893,0.4288868788610386,5,Low
75,8,911,0.8447894362860214,19,Medium
179,9,410,0.2681390200955134,2,Medium
54,7,306,0.15638180440344795,16,Medium
71,4,182,0.8530896234036505,48,High
143,6,325,0.046500586440065494,11,Medium
37,5,825,0.6196994401994157,47,Medium
37,8,732,0.5619928474668068,46,Medium
117,1,562,0.34592044750169426,44,Medium
53,1,362,0.315189521097359,0,Medium
93,13,625,0.7718577261816213,16,Medium
39,11,935,0.08642461076254648,2,Low
84,6,333,0.2367843093113854,25,Medium
137,10,170,0.7324487318380898,14,High
101,12,156,0.5483205837264242,35,Medium
138,2,982,0.1279882085335864,31,Medium
130,5,736,0.8821356142820601,31,Medium
36,1,253,0.39344784656359155,3,Medium
130,7,214,0.8278683753221728,17,High
125,1,354,0.7877130155277087,48,High
12,4,546,0.624425446471728,18,Medium
112,9,681,0.49448113129509297,42,Medium
164,1,605,0.9795508403817569,34,High
146,4,873,0.14496507237981704,39,Medium
71,6,205,0.7251557275511148,13,Medium
174,6,416,0.191190701464789,32,Medium
60,12,768,0.3382631053323484,13,Low
161,13,951,0.30869874337319525,33,Medium
68,8,669,0.947035987738723,3,Medium
127,1,300,0.9673561777882752,23,High
169,7,965,0.18301544423472715,28,Medium
105,1,931,0.022035160297504186,18,Medium
122,13,383,0.7200080396631131,5,Low
71,14,691,0.41798993387048433,32,Low
61,7,560,0.08884024508756438,48,Low
21,3,342,0.6837541055770425,39,Medium
48,11,69,0.5451055282606997,18,Medium
139,8,331,0.980516822001106,0,Medium
140,3,846,0.22740949586137893,4,Medium
122,14,50,0.40397787632654825,26,Medium
110,14,168,0.5425458033954229,15,Medium
122,13,84,0.7916999884533517,5,Medium
90,1,247,0.5488386567200587,39,Medium
122,13,534,0.6129001608619492,12,Medium
11,13,806,0.22614705158994075,47,Low
139,14,108,0.8469187280885598,34,Medium
63,8,886,0.42863054697047576,18,Low
96,3,210,0.14095962752176927,11,Medium
138,2,740,0.6641879145054174,15,Medium
156,1,255,0.2160904531853075,42,High
135,14,61,0.09756251023929974,9,Medium
139,3,539,0.8619869084042723,24,High
62,2,325,0.46016226448843967,19,Medium
169,2,742,0.7492837126957764,30,Medium
169,6,291,0.2905875598063551,3,Medium
77,12,265,0.7869701349176663,43,Medium
132,1,300,0.11193592702153032,22,Medium
154,2,860,0.3559733737948527,1,Medium
47,14,175,0.9780618179735285,21,Medium
33,6,266,0.7939897163680061,36,Medium
78,3,355,0.4972559303146882,7,Medium
125,4,846,0.3397774715618851,6,Medium
107,1,234,0.8721357000224765,13,Medium
148,8,88,0.5448477590845157,2,Medium
153,13,272,0.7584250178691111,49,Medium
106,7,233,0.754107680316164,15,Medium
133,7,544,0.01794567856849183,18,Medium
79,3,476,0.12625378279261346,17,Medium
102,10,227,0.6596293663947422,15,Medium
12,10,968,0.16161981128587144,7,Low
157,3,477,0.2554933446556047,32,Medium
173,14,343,0.9466379541996072,48,High
156,2,901,0.5601822583749119,11,Medium
99,12,200,0.7507295069993472,10,Medium
156,1,433,0.5579807387826399,4,High
157,7,687,0.5525136147827252,26,Medium
105,7,862,0.0941519101256979,11,Low
61,12,357,0.34366319260910305,16,Low
170,2,385,0.2824308986865117,5,Medium
177,7,995,0.39072836561361324,32,Medium
137,13,795,0.7983441882243283,4,Medium
48,8,941,0.37193266791686486,27,Low
91,1,424,0.4516968192316827,13,Medium
113,9,57,0.3973813904853165,4,Medium
138,7,390,0.0934079719752956,32,Medium
20,3,178,0.4410721582507837,49,Medium
160,8,825,0.19560927304451503,47,Medium
168,7,718,0.18672329577304148,40,Medium
51,11,401,0.09403610443426635,18,Medium
108,13,407,0.35667097414176474,21,Medium
16,8,566,0.7574818847894174,4,Low
153,6,544,0.27644169058339607,1,Medium
99,9,135,0.31234910188551357,29,Medium
121,5,224,0.6426746576724236,46,High
69,3,851,0.19584081258691888,38,Low
122,3,242,0.8969579304235343,3,Medium
11,1,360,0.5201905232515545,32,Medium
138,12,168,0.44760294032021697,12,Medium
57,8,267,0.5578201919292014,19,Medium
149,2,476,0.16603431341619546,6,Medium
46,3,463,0.6134731386391763,14,Medium
169,8,163,0.36310073663401043,22,Medium
18,14,194,0.8971863409646189,13,Low
108,8,587,0.16885420667768614,22,Medium
156,14,697,0.507051103865441,18,Medium
57,11,352,0.598112629369018,28,Medium
140,4,793,0.03338360178638122,19,Medium
157,4,930,0.36369312475614024,28,Medium
161,5,637,0.7326352347008328,23,High
63,6,889,0.8203775074489733,17,Low
129,5,394,0.31316199481728235,9,Medium
170,14,863,0.7985932723827512,40,Medium
161,7,850,0.9677558771033888,7,Medium
125,2,50,0.8568739360750941,25,High
84,7,196,0.1176439881593252,28,Medium
122,10,336,0.7397303320855406,9,Medium
173,7,703,0.3196668324405447,16,Medium
175,1,102,0.9884159894120765,1,High
113,7,353,0.4853589831598871,5,Medium
93,5,118,0.12243389835894103,4,Medium
121,3,410,0.7251855480273908,27,High
108,13,651,0.32301119838621384,40,Medium
162,3,269,0.9970781570816617,4,High
102,4,753,0.9797824578545219,17,Medium
155,13,624,0.6561340180205807,25,Medium
137,12,634,0.12982644895171758,19,Medium
119,2,210,0.6868609976750291,40,High
91,2,730,0.0930304864600272,48,Medium
63,1,138,0.029364159102392318,26,Medium
172,5,737,0.8229584462214861,48,High
178,4,830,0.20975294768368136,11,Medium
170,11,634,0.3790271262190974,6,Medium
77,10,806,0.9734573899761731,2,Medium
42,2,638,0.33684050186110326,9,Medium
151,3,208,0.29648978128331527,33,High
30,7,538,0.9182079996227752,24,Medium
57,7,373,0.11074844531895811,34,Low
157,12,659,0.7595824101146318,15,Medium
137,4,430,0.988065566652774,1,Medium
145,5,151,0.9012960107746488,23,High
144,5,543,0.6516679187064259,9,Medium
154,6,693,0.314060794992732,37,Medium
137,14,663,0.2543219811783167,21,Medium
42,9,68,0.8192551048714611,25,Medium
124,2,503,0.8798219139516953,42,High
128,5,531,0.5254349125456929,38,Medium
31,12,643,0.24433994078646615,26,Low
167,3,446,0.11294320841117356,28,Medium
47,4,328,0.08717946783183117,46,Medium
118,10,900,0.7190774473538556,37,Medium
60,6,414,0.42011872784772497,19,Medium
17,12,380,0.9053598742778703,26,Medium
36,8,690,0.7396713007267637,40,Medium
36,1,393,0.1912604179145867,19,Medium
30,10,871,0.613777418815699,43,Low
39,14,504,0.43550545439815935,18,Low
106,8,650,0.5772497307686131,19,Medium
37,11,774,0.7380691233385172,34,Low
120,14,704,0.8061958810037908,46,Medium
70,7,114,0.8437373264067243,1,Medium
57,1,125,0.2539748745720247,29,Medium
156,2,760,0.031115599917357684,33,Medium
13,3,192,0.7392947351647732,21,Medium
44,1,966,0.1063437262557746,2,Low
58,14,964,0.31491958861296765,5,Low
26,9,877,0.0038171341243471435,14,Low
167,8,654,0.6816694824016201,26,Medium
55,2,522,0.16713201147122125,9,Low
126,13,466,0.6552824096916582,8,Medium
15,9,354,0.9917426171678388,32,Medium
108,7,785,0.07267087161001629,31,Medium
133,9,546,0.07707801195146069,47,Medium
46,6,340,0.3403800926666749,5,Medium
33,6,989,0.866386514251342,40,Low
102,11,151,0.21552986879133185,35,Medium
55,14,316,0.36037781993034756,1,Low
104,4,916,0.06850540662697957,28,Medium
108,10,671,0.7631552912588894,3,Medium
125,10,891,0.4083063427594511,0,Low
169,13,991,0.7592487330608428,18,Medium
170,13,826,0.9036078443467951,25,Medium
76,2,52,0.23276314710128876,24,Medium
137,7,134,0.8073960303399513,9,High
27,5,843,0.059093890078253275,14,Low
34,11,377,0.8988473881802473,21,Medium
63,6,865,0.6507685475587474,47,Medium
67,2,499,0.8742267241383516,20,Medium
76,5,503,0.00018839955658189744,21,Medium
113,10,973,0.1690810703559925,35,Medium
33,4,678,0.3897593874264921,33,Low
123,9,270,0.3795029033747186,29,Medium
41,6,203,0.22673038292351066,24,Low
95,2,714,0.3816119398672001,44,Medium
160,1,61,0.12884871200025483,27,High
136,5,182,0.41276112926602604,0,Medium
164,9,353,0.8023543291592642,48,Medium
139,6,342,0.4790700631033512,44,Medium
26,10,349,0.018000088945214987,3,Low
113,12,789,0.4214440415792474,6,Low
170,7,832,0.027175016090844162,48,Medium
146,5,92,0.9662434107067982,8,High
52,10,993,0.12745395942286897,35,Low
48,6,392,0.7076883263306187,18,Medium
179,5,375,0.9727763228920858,0,High
35,11,863,0.8260390516665719,9,Medium
108,9,547,0.6993153751262037,35,Medium
59,6,413,0.8394609095007669,8,Medium
162,11,940,0.9817986932606276,44,Medium
161,8,476,0.6213444972535296,45,Medium
22,2,70,0.5591848068293265,41,Medium
69,12,456,0.6282381104632814,31,Medium
144,13,668,0.532675886761555,31,Medium
66,9,385,0.6350891059097188,5,Medium
45,5,864,0.44984220797255925,47,Medium
29,7,166,0.2184431828833071,37,Medium
74,10,173,0.12024722651167563,16,Medium
17,13,448,0.0683409355322604,9,Low
153,1,842,0.2633157837532001,49,Medium
151,10,853,0.046123564335733835,26,Medium
124,5,764,0.5671707799193856,49,Medium
152,12,100,0.2838284470235203,34,Medium
101,14,832,0.8245348080870322,20,Medium
107,10,373,0.07424087298838644,24,Low
75,14,838,0.22635149434148594,27,Low
41,2,190,0.7302461470901459,46,Medium
95,12,519,0.5988082963834914,14,Medium
60,6,836,0.06449127124916754,3,Low
162,11,851,0.8772394571622004,28,Medium
72,1,383,0.8772617628261795,8,Medium
134,3,942,0.33040800387577385,26,Medium
159,5,422,0.3404058433495647,25,Medium
67,4,613,0.9890283583501739,18,Medium
67,3,543,0.6261761715931382,27,Medium
95,10,588,0.5313165205680591,16,Medium
58,13,718,0.8381521835519244,42,Low
179,5,800,0.28529033835731643,40,Medium
79,11,205,0.4291825933963569,41,Medium
24,8,340,0.26777667548833417,49,Low
63,11,697,0.7891608465887314,19,Low
110,4,193,0.573349345635218,44,Medium
17,1,155,0.6588250701400705,39,Medium
62,11,469,0.25230724983940656,38,Low
69,7,719,0.2202253013773151,48,Medium
117,8,707,0.4883746289829387,22,Medium
14,3,51,0.7375657490928268,46,Medium
112,6,994,0.5252397575201602,31,Medium
15,2,638,0.032645677545668605,46,Low
118,7,693,0.8685515063202888,32,Medium
125,8,139,0.06468689351513157,45,Medium
103,6,394,0.9558244837207522,4,Medium
56,6,399,0.025141958277272725,42,Low
108,5,508,0.6944504561307088,47,Medium
64,8,312,0.08220706371178166,33,Medium
177,1,400,0.9106765794351396,39,High
61,10,157,0.4644332362255428,10,Medium
153,4,635,0.1375237748170154,49,Medium
22,4,88,0.3408156997898466,2,Medium
123,3,958,0.16482467534676204,32,Medium
133,3,208,0.17058191155709002,10,Medium
115,4,632,0.9481083201714422,15,Medium
167,11,361,0.44524611228478816,17,Medium
156,1,290,0.7888022639053596,29,High
154,14,987,0.6396055611776819,47,Medium
129,11,494,0.6764263623383923,9,Medium
72,13,347,0.13169343847203852,17,Low
28,11,85,0.23418444681548567,37,Medium
101,2,133,0.7867503351544369,18,High
67,9,501,0.970766206474783,35,Medium
99,10,935,0.2626756425986517,12,Low
126,2,824,0.27156876475103986,45,Medium
71,5,871,0.47289713281090484,2,Medium
32,9,434,0.9838403128554378,9,Medium
136,9,221,0.26895894582647106,37,Medium
146,8,425,0.4069719096342639,0,Medium
149,1,734,0.8914800156235068,26,High
138,1,411,0.0029210326213620075,45,Medium
67,9,608,0.03976596498856955,7,Low
131,13,940,0.6040716770712192,45,Medium
10,11,190,0.907380164712847,41,Medium
43,8,936,0.23885666040192766,16,Low
105,10,967,0.469641774680709,8,Low
135,9,167,0.4504653016578183,5,Medium
127,7,326,0.47297134609551017,42,Medium
57,3,775,0.6225196957297452,24,Medium
98,3,269,0.46974376299068377,38,Medium
126,2,954,0.4474681413224578,48,Medium
138,5,75,0.4742884204312605,27,High
25,12,570,0.5908674412710415,32,Low
78,12,832,0.5370074883513584,36,Medium
31,3,59,0.8541359976505043,8,Medium
102,14,427,0.049496853493666615,17,Low
85,6,682,0.8333170714730125,20,Medium
163,2,686,0.843924612611724,1,High
153,12,731,0.28490802153096084,42,Medium
95,3,633,0.46285195501585064,37,Medium
38,5,201,0.4385384885374355,39,Medium
78,12,769,0.2185098343541303,35,Low
56,11,98,0.39679684708631646,49,Medium
103,11,203,0.044387772170854434,42,Medium
153,1,908,0.27782207278173443,36,Medium
94,13,342,0.8166821754507181,14,Medium
48,1,629,0.28456230176289754,27,Low
109,10,99,0.8182066687482475,17,Medium
42,9,713,0.5315994646044309,33,Low
110,7,580,0.87986267736116,21,Medium
32,1,661,0.5747795542644152,10,Low
19,12,109,0.029668223064739818,12,Low
78,14,216,0.6754202075470892,3,Medium
109,8,251,0.04485356802356866,21,Medium
43,3,906,0.450597018983134,6,Low
147,8,195,0.929426694473114,42,High
156,5,964,0.16520393933785016,23,Medium
105,1,725,0.3898723529415441,3,Medium
10,7,488,0.7298603088484784,27,Medium
78,5,291,0.8822585560948476,14,Medium
13,6,630,0.6709430047425079,0,Low
25,6,736,0.2581732541911692,2,Low
33,8,610,0.6746078529162162,13,Low
89,9,532,0.29672764110409,37,Medium
11,2,157,0.7184292298187352,49,Medium
137,9,275,0.9540331275850406,0,Medium
169,12,722,0.7213934511062883,37,Medium
93,11,680,0.8628805029124124,37,Medium
161,10,710,0.002103843175883413,20,Medium
149,9,711,0.7175721247315944,47,Medium
172,13,481,0.8295875568652503,28,Medium
133,10,854,0.04055873754468142,4,Medium
42,10,704,0.8715977272882306,48,Low
170,7,468,0.25669422831004585,9,Medium
110,1,504,0.6652921019780552,27,Medium
21,7,209,0.8003548790234066,20,Medium
76,10,572,0.6626645130593555,49,Medium
74,5,699,0.09228479207325724,6,Low
170,6,639,0.5963215188603683,2,Medium
177,10,126,0.5495836567221436,44,Medium
83,7,558,0.9003212680742715,46,Medium
52,14,490,0.4042397296442092,19,Low
53,5,303,0.3210810970870501,18,Medium
38,7,970,0.7498507644364663,34,Medium
150,9,819,0.41267532608339663,3,Medium
21,3,369,0.646096175005063,4,Medium
104,8,852,0.646450090124607,0,Low
55,2,312,0.8880390643601178,3,Medium
139,11,646,0.5986924023190974,11,Medium
44,7,707,0.5021536099619869,26,Medium
90,13,884,0.138871326396517,41,Low
99,2,603,0.11573760667870536,22,Medium
17,14,423,0.1543215652830794,24,Low
102,4,686,0.17184848132709452,20,Medium
163,7,216,0.6378770926636339,23,High
99,3,986,0.7409812502745785,24,Medium
171,2,802,0.5299915229264187,44,Medium
124,11,508,0.829017732545491,45,Medium
114,10,329,0.9912632267336332,31,Medium
144,7,749,0.820012629119356,31,Medium
67,1,351,0.6948823736759592,4,Medium
123,14,580,0.5324926994371466,35,Medium
84,8,629,0.4488530716747082,45,Medium
166,3,267,0.08439238054454234,41,High
129,12,151,0.39936874839469094,48,Medium
173,12,603,0.9101346367821342,41,High
30,13,337,0.8080226299065529,38,Medium
173,2,216,0.2160513650116872,15,Medium
147,3,670,0.46660778469721587,32,Medium
110,5,85,0.8167232025585446,48,High
161,11,793,0.06738455478552252,20,Low
108,8,790,0.3873925856686593,8,Medium
45,10,402,0.8518412368739476,5,Low
105,7,725,0.40389786417012374,44,Medium
161,7,948,0.07761464473144086,34,Low
160,12,122,0.5425343685322515,38,High
46,7,697,0.8617424949182954,21,Medium
21,8,402,0.5902855429531597,40,Medium
122,1,940,0.2262791082142318,4,Medium
22,4,119,0.38423962013738133,41,Medium
32,13,474,0.4501233611819322,22,Low
108,6,757,0.5792663538205268,16,Low
114,9,830,0.759351025752613,11,Medium
39,13,610,0.0988736176406354,22,Low
26,2,877,0.8896520330175663,15,Low
122,1,691,0.01230970301607559,2,Medium
71,13,566,0.37005233467425525,29,Medium
93,10,477,0.027420309972657653,21,Low
121,12,588,0.39297422534529125,8,Low
95,14,209,0.5258125988733238,28,Medium
150,2,198,0.5116813865815117,46,High
28,7,825,0.16562834702826534,36,Low
109,3,279,0.6457405100956123,22,Medium
149,10,761,0.04477845050466822,12,Low
156,2,611,0.7619068201324154,31,High
85,14,116,0.9466444339935463,45,Medium
18,11,861,0.3397688271511179,46,Low
37,7,430,0.5172393817143319,47,Medium
137,13,107,0.3789102780588144,22,Medium
61,13,308,0.006710390304059954,44,Low
92,2,391,0.38587450289511593,16,Medium
120,3,887,0.7917202592613465,39,Medium
153,11,179,0.5959888421834818,20,High
126,7,776,0.10125991461515893,1,Low
78,14,221,0.847139489693785,36,Medium
108,4,819,0.5310853448852428,5,Medium
149,13,663,0.8417233617446761,43,Medium
34,14,258,0.5802215187850294,17,Low
132,1,852,0.5596884448379399,29,Medium
62,13,403,0.10525918519701238,21,Medium
160,14,520,0.16735973313862795,32,Medium
153,5,847,0.9720252564965911,29,Medium
66,12,165,0.22848674675477076,16,Low
48,9,313,0.9774521179903679,42,Medium
118,8,711,0.5319127065242634,31,Medium
51,12,861,0.13578904706393713,41,Low
176,9,491,0.09930220275369295,13,Medium
151,10,597,0.20886407070573998,9,Medium
131,14,502,0.9256373300253358,46,Medium
142,9,894,0.4141502243282268,35,Medium
172,7,526,0.39543426799291437,33,Medium
84,4,336,0.313206261070174,8,Medium
155,5,352,0.14706185056658838,41,High
85,1,360,0.48785119719240644,27,Medium
18,14,257,0.1300477825111387,10,Low
83,1,667,0.8354802363823276,13,Medium
154,3,495,0.3703969862753065,38,Medium
16,13,719,0.37480356778179635,46,Low
150,14,682,0.4740064284831559,18,Medium
177,8,104,0.4441277131657516,14,High
179,14,961,0.9948579730593216,27,Medium
146,2,61,0.5453811212183025,23,High
36,4,706,0.08820170378987069,7,Low
131,2,449,0.60687734157693,42,High
14,14,957,0.15158429286987996,8,Low
38,5,697,0.030937644731341973,46,Medium
174,9,564,0.9707421536772481,32,High
175,1,705,0.7735388915345639,32,High
92,5,591,0.9801089924137669,18,Medium
145,14,286,0.47787844802224244,2,Medium
118,9,328,0.5322575311489761,9,Medium
74,1,397,0.16833695591913023,39,Medium
95,9,676,0.24690742666758558,46,Medium
154,8,153,0.8385492149028282,41,High
80,4,679,0.35618564711759415,0,Low
54,12,566,0.826814973796419,28,Medium
141,11,921,0.7090137242870318,49,Medium
45,10,297,0.1771709252718655,33,Low
79,5,413,0.5074463661197421,12,Medium
168,13,370,0.6773873215187168,0,Medium
28,5,682,0.2350372148038251,33,Low
117,11,335,0.8306885105200769,28,Medium
176,12,198,0.5448276575451868,47,Medium
100,6,133,0.1652420504426032,46,Medium
99,7,455,0.5829844261646024,12,Medium
28,8,505,0.999713804155914,47,Medium
48,14,792,0.15052149166341355,48,Low
135,8,849,0.8167569301195281,28,Medium
150,11,210,0.20730900318755796,38,Medium
135,14,833,0.7823883294600873,23,Medium
67,13,509,0.7345779231214132,25,Medium
157,2,599,0.30048938560043237,16,Medium
70,9,549,0.3258231175644498,6,Medium
136,7,787,0.7925213919629192,12,Medium
114,4,558,0.46144551188731264,4,Medium
176,4,703,0.7308180287118088,25,Medium
10,11,853,0.14798414736583476,48,Low
140,8,530,0.8525577819015535,2,Medium
101,4,712,0.7108847166823191,6,Medium
122,13,163,0.9069428088348339,48,Medium
162,6,798,0.13237237903497245,38,Medium
65,5,627,0.5930145003605977,0,Medium
170,3,410,0.5991205850403252,48,High
175,13,390,0.35346074054678245,16,Medium
126,14,819,0.4584664245692578,42,Medium
143,10,810,0.03798156328985347,24,Low
67,11,498,0.745860038627012,2,Low
53,2,892,0.549322479403174,14,Medium
169,9,884,0.057741051869173776,28,Medium
70,10,229,0.6807558929604856,42,Medium
56,9,751,0.4667820772311879,31,Low
158,1,456,0.034461259425,25,Medium
89,10,715,0.9696077268480954,15,Medium
127,3,245,0.9491121430894405,24,High
173,8,515,0.5129024161471976,27,High
156,6,360,0.0936724207059102,8,Medium
29,5,311,0.7546212215985918,0,Medium
155,5,468,0.49193110010572905,28,High
56,6,455,0.3024474782893799,21,Medium
58,7,988,0.49141817752855677,15,Low
23,1,192,0.5224441454054645,40,Medium
152,9,391,0.5627116990223392,43,Medium
168,3,365,0.44122371365532653,40,High
10,4,150,0.6057553031390567,6,Medium
126,10,293,0.9187347106063773,13,Medium
63,1,539,0.36226808709859115,28,Low
127,13,61,0.7257164632199491,18,Medium
12,11,288,0.8944525568242322,18,Medium
153,10,610,0.4559792757599369,1,Medium
21,3,91,0.4434558363819041,40,Medium
83,2,727,0.6021169853547795,44,Medium
25,2,643,0.5914067594224881,14,Medium
111,14,478,0.806589342326277,2,Medium
161,1,852,0.4764833837782927,10,Medium
165,8,207,0.9961229496394411,45,High
126,3,265,0.05947156886728078,29,Medium
17,3,719,0.0031678485807017376,39,Low
131,6,511,0.6401983115596238,17,Medium
101,13,183,0.2984349123618767,47,Medium
173,8,116,0.2403823886994838,1,Medium
99,13,897,0.31189908000428046,31,Low
145,9,56,0.2560475651049543,7,Medium
69,9,997,0.03079004966044785,21,Low
37,4,575,0.9715330423905887,5,Medium
110,14,122,0.22074548845278175,11,Low
50,5,448,0.7340297625893063,46,Medium
164,2,454,0.7625963946941753,39,High
154,11,724,0.9292573980072293,35,Medium
170,9,627,0.030549457093379973,14,Medium
166,8,908,0.8720483384470077,27,Medium
150,3,179,0.5272261808398002,48,High
55,11,980,0.6325441099658279,44,Medium
44,12,515,0.6444702771210337,17,Low
143,13,255,0.8197978049847275,1,Medium
91,9,837,0.3334073221591105,12,Medium
124,3,817,0.7330511898599934,44,Medium
56,9,315,0.5285781097221971,14,Medium
162,2,586,0.7933940143053477,19,Medium
19,12,842,0.9905460327701334,28,Low
65,10,302,0.20065101740376123,41,Medium
39,9,871,0.9946486415599979,28,Medium
118,8,338,0.089812154282774,2,Medium
14,9,213,0.002317547904813866,18,Low
128,5,144,0.04416193617783126,2,Medium
42,11,831,0.3417824047367617,13,Low
127,11,882,0.6329063306784342,39,Medium
74,2,159,0.06902954088784963,3,Medium
155,8,385,0.00566581452956727,10,Medium
20,12,871,0.9370910284587948,30,Low
94,6,287,0.8219266359399297,42,Medium
35,8,430,0.809183171139031,31,Medium
72,11,485,0.8844242755019771,26,Medium
95,5,948,0.7000342727721044,29,Medium
68,10,532,0.10440412974808144,42,Low
36,2,986,0.39910018807372305,1,Low
170,6,951,0.7231494864646295,48,High
107,5,74,0.2803344607915209,8,Medium
114,12,702,0.6874063641362376,27,Medium
108,13,166,0.02449844826765235,30,Medium
138,12,531,0.3061373408795932,33,Medium
158,5,441,0.5491303362771727,14,High
64,13,966,0.6320898295062423,47,Medium
15,1,586,0.5770406644619108,24,Medium
104,2,128,0.6977562760734295,35,High
142,8,629,0.00608874823983907,7,Medium
111,13,222,0.10094119997752149,8,Low
12,14,61,0.8689442522791451,36,Medium
32,13,849,0.6817486440901612,47,Low
62,3,177,0.1129316426860113,44,Medium
174,10,657,0.8420744373985792,38,Medium
92,3,141,0.2422312178245669,31,Medium
154,8,702,0.4782598841952235,16,Medium
94,8,592,0.1451965128846603,34,Medium
87,2,895,0.7101100564217067,36,Medium
119,8,581,0.6668544210142678,18,Medium
10,11,707,0.21111247116613618,43,Low
60,13,877,0.8634007668570018,28,Medium
13,13,496,0.4013060242197122,6,Low
122,1,439,0.2925150910707418,27,Medium
41,6,721,0.15232958946453545,8,Low
43,8,910,0.26616801251553746,27,Low
101,3,92,0.022026921223816998,5,Low
104,8,303,0.5832574924561156,28,Medium
81,12,179,0.8422307463439479,16,Medium
48,1,109,0.5489804494416418,15,Medium
163,11,712,0.21927396192387572,22,Medium
171,11,516,0.03366917821387272,30,Medium
127,9,336,0.21462807325880284,2,Medium
12,13,566,0.4161214280710923,20,Low
132,11,516,0.7596114286997965,25,Medium
59,13,979,0.1878428525377741,35,Low
21,9,827,0.7197914533546861,41,Low
63,5,394,0.8669334683518837,36,Medium
142,10,691,0.45394684810835706,21,Medium
66,4,431,0.8214319916425933,41,Medium
154,11,828,0.5546573480350956,11,Medium
121,6,739,0.637090837080905,41,Medium
56,12,302,0.5262784603382027,12,Low
160,7,976,0.46317271675134175,10,Medium
94,5,105,0.23465344177584935,15,Medium
151,11,512,0.30319405946104605,7,Medium
75,13,506,0.289970118943609,39,Low
84,10,132,0.5632889309538147,39,Medium
112,9,954,0.11995369302388992,44,Low
175,3,148,0.9167916907023351,1,High
47,7,198,0.7206551452831133,29,Medium
59,10,378,0.40144563091319363,29,Medium
107,10,205,0.15862414452637796,11,Medium
91,11,239,0.8819921697216359,9,Medium
39,5,543,0.8237780901011652,43,Medium
88,14,932,0.7217215527171793,10,Low
100,7,312,0.27154704741124236,14,Medium
61,2,129,0.40244663743366893,15,Medium
175,4,449,0.10274825245242336,16,Medium
88,2,813,0.18903952472753172,25,Medium
39,14,658,0.7830166373167329,1,Low
115,13,309,0.7150387188506838,49,Medium
60,13,821,0.5934857629759347,11,Low
90,12,664,0.8957267259261729,25,Medium
142,7,601,0.5832665178130454,22,Medium
38,2,834,0.4669679999636107,17,Medium
141,13,150,0.3403707463057627,31,Medium
147,14,408,0.9404485057361726,48,Medium
154,11,429,0.0827154615243535,37,Medium
83,1,869,0.9308873720608084,46,Medium
26,9,270,0.8267146599310183,2,Low
93,1,869,0.1299299245357013,37,Medium
78,8,469,0.5649843576752536,2,Medium
43,2,173,0.8665479817490869,29,Medium
15,12,471,0.5718091636071537,0,Low
62,8,280,0.9071998215606223,29,Medium
135,13,739,0.9429838168160425,44,Medium
52,3,112,0.4223845221843059,31,Medium
124,6,534,0.3773136614063236,27,Medium
120,3,677,0.9363211539691568,20,High
160,14,752,0.6751400611496681,45,Medium
89,7,623,0.11602268134816929,12,Medium
104,10,817,0.042291749222681196,26,Low
127,9,532,0.5646290509972631,35,Medium
153,2,568,0.9301709654384246,6,High
17,12,204,0.8442487024058184,21,Medium
141,12,141,0.6758477464643364,9,Medium
113,14,575,0.13911584889108752,38,Medium
141,5,504,0.2542313837486956,14,Medium
34,13,790,0.8755112265526162,14,Low
105,6,647,0.18280723665690046,3,Medium
164,4,694,0.27843940825043456,31,Medium
102,4,559,0.12960065119544195,22,Medium
169,4,232,0.6761082314144111,5,Medium
70,2,435,0.9439823053632096,23,Medium
131,4,623,0.26896803159538596,19,Medium
60,11,780,0.4754066078500737,36,Low
156,1,454,0.6343397397112043,19,High
30,12,295,0.9994662482156307,11,Medium
14,6,791,0.10480806499757211,32,Low
101,1,640,0.49857079950570915,27,Medium
179,10,710,0.38512011990250006,7,Medium
70,6,699,0.8658201652223552,0,Medium
31,1,520,0.4759677310116559,36,Medium
158,6,875,0.11097752458514809,21,Medium
79,10,937,0.6344241452865836,5,Low
10,8,472,0.7707806182638798,20,Low
142,11,950,0.0028812516656145926,31,Low
21,2,114,0.8589566854206295,34,Medium
99,2,62,0.18602300000566563,14,Medium
55,14,262,0.5520693646533779,4,Low
43,13,291,0.41579750068745014,45,Medium
87,12,542,0.7196538166105304,49,Medium
54,4,262,0.37116161478574183,47,Medium
164,11,742,0.8697631766817108,5,Medium
82,3,387,0.7304963609587902,24,Medium
35,4,222,0.6477131710629215,45,Medium
56,13,721,0.7962405955628543,39,Medium
130,12,213,0.7540230349283823,28,Medium
65,7,514,0.03593867492155334,6,Low
103,13,546,0.39473435384482813,39,Medium
116,11,749,0.9308072973164898,12,Medium
72,1,444,0.12572426899222622,37,Medium
57,6,752,0.7370965504320512,17,Medium
70,3,966,0.9745918113353297,1,Medium
90,11,357,0.052198629044971634,7,Medium
35,10,817,0.6821938806266105,10,Low
45,7,232,0.4681541413010304,32,Medium
10,10,678,0.5791752553747221,37,Low
17,2,843,0.08534133648432485,47,Low
122,14,559,0.04300695186693948,26,Low
108,2,757,0.6668666605509217,19,Medium
56,13,595,0.8233094298207179,11,Low
136,4,613,0.7820153349329673,42,High
65,1,673,0.5438057278662374,30,Medium
23,3,813,0.09986682113617817,26,Low
37,13,643,0.6880444438360138,31,Low
87,9,793,0.24188888355414595,9,Medium
139,7,276,0.9110687027673836,2,Medium
118,7,794,0.8382653595457049,44,Medium
163,13,782,0.7093829670873909,26,Medium
23,13,485,0.9488459558311304,34,Low
65,11,974,0.03142182151127293,30,Low
124,4,471,0.736200425060762,14,Medium
16,2,603,0.33024277933640533,15,Low
12,14,70,0.9060658856863653,12,Low
120,4,603,0.2666751966619776,48,Medium
160,6,446,0.724856499315017,34,High
116,11,674,0.8776470196507814,10,Medium
27,11,154,0.041656818382682426,20,Low
47,3,241,0.3976475795920361,10,Medium
124,1,66,0.7623090320219387,29,High
24,14,169,0.4549188895075871,47,Medium
128,12,442,0.2672526297935953,34,Medium
37,8,474,0.21980534882319003,21,Low
48,12,178,0.1315182669163779,37,Low
26,13,179,0.8571295598562823,30,Medium
95,5,621,0.575355403251556,13,Medium
135,5,609,0.07638494499145598,23,Medium
53,11,78,0.3825803235706354,49,Medium
34,4,146,0.3677336508051099,48,Medium
154,6,59,0.18173919070946298,31,Medium
22,3,291,0.4355076254721907,35,Medium
34,9,875,0.33209936539313645,31,Low
77,5,281,0.34180370549218253,14,Medium
147,3,838,0.7390265577879587,42,Medium
76,11,333,0.2232633855051963,34,Medium
118,1,764,0.6418599588553554,2,Medium
155,10,808,0.5706496238809349,15,Medium
120,12,851,0.5680925123378673,4,Medium
120,6,825,0.6630073461417759,20,Medium
43,2,775,0.548382036195654,9,Low
120,13,249,0.8792551148463846,18,Medium
17,3,994,0.6755800919502598,24,Low
177,1,128,0.5469632513713881,3,High
122,9,962,0.8297631202876449,28,Medium
92,8,904,0.6061465649334797,18,Low
51,12,905,0.291144247785179,42,Low
178,2,222,0.20709491817657122,1,High
110,12,516,0.1523277856626788,9,Low
15,11,630,0.8994552125461016,42,Medium
35,8,465,0.7101354317980658,24,Medium
73,12,989,0.9373784381643208,19,Medium
68,14,498,0.603291805714943,47,Medium
118,9,136,0.47340088149491255,18,Medium
130,1,150,0.059716488970889325,22,Medium
42,13,57,0.6716422815460298,23,Medium
159,5,894,0.5822087597682312,10,Medium
30,8,249,0.9902088935876214,45,Medium
79,11,554,0.23915877778224304,33,Low
121,14,136,0.5307373552868359,27,Medium
13,2,92,0.6509573351180726,4,Medium
103,4,434,0.6445911747423436,4,Medium
84,7,670,0.5612935429484027,20,Medium
71,3,484,0.7769280103272255,11,Medium
103,13,457,0.20498120952681642,49,Medium
104,12,532,0.7256272002744159,3,Medium
161,5,713,0.6197345714330892,48,High
64,8,66,0.8960751117945733,41,Medium
146,12,694,0.8471944390335817,19,Medium
140,10,197,0.31514703913255326,37,Medium
40,3,326,0.2762373249751531,24,Medium
49,4,281,0.9816533238524479,13,Medium
45,14,875,0.5272651809152565,10,Low
161,9,976,0.9064209639144368,31,High
15,14,415,0.1638810237804822,10,Low
75,14,277,0.6428189148001743,17,Medium
84,7,700,0.8098601873605862,26,Medium
13,1,485,0.9473952495864468,17,Medium
88,14,448,0.3373401410170235,22,Medium
143,12,260,0.7249811699240525,10,Medium
127,4,440,0.538813009039619,20,Medium
122,4,548,0.06062892606646819,43,Medium
103,9,589,0.6899997373089434,4,Medium
71,6,612,0.6900965582378434,22,Medium
88,9,540,0.930606804846537,40,Medium
145,12,491,0.4973124461689724,24,Medium
35,6,310,0.23025092071051467,40,Low
53,6,822,0.04456382344867915,9,Low
142,5,399,0.4156421866859057,21,Medium
79,5,401,0.3019167000775018,18,Medium
163,2,569,0.7610883060238756,0,Medium
127,8,369,0.3542677648410466,6,Medium
77,8,187,0.9490711963148439,3,Medium
28,11,599,0.9623102029877842,0,Low
29,13,672,0.6209085902177081,14,Low
122,1,417,0.9286602870148829,39,High
149,8,269,0.7608543445144956,11,Medium
56,5,386,0.5468596409751262,21,Medium
10,2,272,0.18030793542277812,21,Medium
99,14,697,0.45859794351384,49,Low
151,2,817,0.5608744633626176,46,High
73,14,409,0.8639615807350102,16,Medium
47,6,970,0.4813333765356649,28,Medium
46,11,378,0.8976746726779566,45,Medium
135,13,512,0.6743489790234689,13,Medium
148,9,995,0.13699906305367138,49,Medium
109,1,610,0.994981369325093,19,High
86,12,853,0.5272326607539126,49,Medium
12,6,431,0.3918582964090789,47,Medium
170,9,885,0.6591137644695265,32,Medium
143,8,639,0.10889331398103907,42,Medium
19,11,666,0.6365386467533544,14,Low
14,6,218,0.49823600049927297,11,Medium
160,3,266,0.40667406999858313,39,High
147,8,427,0.9530200211788992,19,High
139,9,168,0.5225397167320532,29,High
22,1,239,0.21911747946993843,37,Medium
177,12,816,0.45896347937729864,2,Medium
139,9,419,0.9193874045726727,27,Medium
93,14,827,0.17609547133059467,25,Low
74,6,198,0.2139570386882369,29,Medium
72,6,725,0.013029567757083749,12,Low
110,12,701,0.01419004939576718,12,Low
82,4,908,0.8293916269585125,1,Medium
26,1,537,0.7321226068429558,36,Medium
18,10,819,0.35504105645195827,48,Low
152,8,423,0.6983111572275728,37,Medium
161,2,830,0.3952059263099702,1,Medium
47,12,742,0.9528967959978275,35,Medium
172,1,209,0.9670526814260348,25,High
103,2,400,0.3927937758093434,10,High
104,1,961,0.854221906340868,7,Medium
58,1,337,0.7730890416974662,43,Medium
78,9,337,0.3099999371717893,39,Medium
71,13,941,0.23203982890110597,42,Low
87,14,275,0.45823465039283384,21,Medium
126,1,572,0.7813488406144062,19,Medium
129,13,571,0.9601677847287454,7,Medium
146,4,832,0.7635790688665726,28,Medium
171,10,322,0.85520698501837,39,High
85,6,985,0.6030643061705165,25,Medium
44,7,451,0.8354078308421259,29,Medium
10,2,232,0.7844208580034177,16,Medium
49,6,714,0.3769855419262801,19,Low
73,7,537,0.5519903021207211,15,Medium
159,10,876,0.8047531219896948,45,Medium
69,14,895,0.04605673418995637,42,Low
73,10,173,0.8080792823558299,6,Medium
102,2,675,0.17788812404902343,15,Medium
81,2,839,0.514683617121439,44,Medium
20,10,463,0.8082754395559376,46,Medium
114,7,774,0.25382107815669486,47,Medium
23,12,221,0.245807439306153,26,Low
69,1,337,0.40276439846225187,22,Medium
39,8,484,0.8946427975776345,23,Medium
44,11,735,0.0004427814372078842,8,Low
174,13,162,0.9013830966419349,34,High
14,3,937,0.15380702464160778,19,Low
92,11,966,0.9900863760674821,36,Medium
132,6,171,0.9548469930384681,41,High
87,9,593,0.4946751895912833,16,Low
163,6,271,0.5127202478126281,46,High
71,9,680,0.4815493402758543,30,Medium
141,7,88,0.6354436456595226,7,Medium
98,9,546,0.09072170223493103,14,Low
51,2,829,0.032617948341566505,30,Low
98,12,282,0.05770292841589886,29,Medium
155,8,992,0.4443653492415144,45,Medium
49,8,579,0.2755479392194834,19,Low
81,2,198,0.6220395623709938,38,Medium
48,12,446,0.992442289374779,11,Medium
113,14,710,0.3863231730764659,48,Medium
23,4,687,0.5738412541045134,16,Medium
41,14,953,0.4156038959073355,41,Low
134,11,351,0.8472716677218594,29,Medium
175,7,409,0.9022364034622381,28,High
106,11,287,0.87735561220526,18,Medium
32,4,696,0.9743722386792576,45,Medium
72,4,712,0.027519185140415292,10,Low
152,6,285,0.839816162145531,33,High
162,10,785,0.7517721730390933,49,Medium
154,6,252,0.22869440940036478,6,Medium
62,10,305,0.9563200933875275,43,Medium
113,3,647,0.14817792822994547,33,Medium
113,9,711,0.6795499271339084,19,Medium
48,12,284,0.22489021681591248,49,Low
143,10,394,0.43138064877407467,37,Medium
76,14,583,0.7191598969445689,23,Low
144,11,909,0.5633246420330467,9,Low
51,2,846,0.4275018313281117,31,Medium
